date,transactions
8/10/2018,2333453
5/8/2019,2393391
6/4/2019,2476264
8/24/2020,1557877
1/27/2021,1686630
6/22/2021,1899752
8/27/2021,2111799
10/11/2021,1963098
11/13/2021,2422167
12/18/2021,2692335
3/28/2022,1909981
7/31/2022,2159076
6/22/2023,1930186
7/15/2023,2022341
9/22/2019,2555487
11/1/2019,2843010
11/18/2019,2401076
1/21/2020,2184601
7/24/2020,1791591
8/5/2020,1546732
11/29/2020,1779313
10/2/2021,2095358
11/25/2021,1628880
7/27/2022,2085151
8/2/2022,2035023
11/29/2022,2014645
12/25/2022,4924
5/22/2023,1927858
9/14/2023,1787242
11/8/2023,1748379
2/5/2024,1712755
8/8/2018,2048089
8/11/2018,2297983
9/1/2018,2427916
9/9/2018,2173020
10/5/2018,2310167
11/2/2018,2371845
11/21/2019,2408200
4/30/2020,1668543
8/28/2020,1688652
8/29/2020,1745010
1/31/2022,2199652
5/19/2022,2125995
2/25/2023,1877745
6/18/2023,1958965
9/19/2023,1746727
11/22/2023,2721484
6/30/2018,2417461
5/27/2019,2564737
10/4/2020,1602644
4/29/2021,1810003
5/12/2021,1898105
7/20/2021,1920517
7/30/2021,2144026
9/14/2021,1851680
1/29/2022,2235001
5/26/2022,2246972
6/18/2022,2487134
6/22/2022,2141855
1/7/2024,1801402
11/1/2018,1979675
2/23/2019,2747414
3/7/2020,2748641
3/13/2020,3368259
9/24/2020,1544294
12/18/2020,2216526
7/17/2021,2126886
3/16/2022,1965204
6/6/2022,2109519
11/21/2022,2440897
2/8/2023,1765570
6/23/2023,2072904
2/4/2020,2165677
2/15/2020,2644892
4/24/2021,1998306
7/23/2021,2147076
9/11/2021,2076667
7/7/2022,2167307
11/29/2023,1823248
12/10/2023,1943640
9/8/2018,2249254
1/7/2019,1845667
1/8/2019,1881377
5/23/2020,2298542
2/15/2021,1567902
12/5/2021,2195380
3/12/2022,2181202
3/15/2022,1901187
4/2/2022,2201446
4/10/2022,2156909
12/9/2022,2327146
3/12/2023,1742505
1/11/2024,2048237
1/28/2019,1554401
10/5/2019,2720141
12/2/2022,2305665
3/24/2023,1890210
9/27/2023,1807408
11/25/2023,1937920
8/31/2018,2500342
1/30/2019,1253912
3/14/2019,2195128
3/17/2019,2415018
4/28/2019,2522734
7/30/2019,2393473
2/12/2020,2418997
12/17/2020,1973068
3/22/2021,1767312
5/3/2021,1867940
8/21/2021,2125595
10/8/2021,2128118
2/25/2022,1938078
10/19/2022,2002898
12/20/2022,2797578
1/1/2023,1580790
7/29/2023,1994182
11/17/2023,2095168
2/4/2024,1841933
1/18/2021,1705028
1/25/2021,1719988
7/19/2021,1968631
5/3/2023,1820751
6/24/2023,2008362
2/2/2021,1697451
2/16/2022,2006640
8/11/2022,2092165
8/20/2022,2215327
9/18/2018,1962545
5/14/2019,2390056
7/8/2019,2509576
7/28/2019,2588019
10/24/2019,2346245
9/7/2020,1509698
7/10/2021,2077192
9/3/2023,1865736
11/18/2023,2138802
7/28/2018,2241944
9/24/2018,1955574
12/28/2019,2658430
5/8/2020,1931080
5/1/2022,2235545
9/29/2022,2016350
11/20/2022,2302853
10/12/2023,1789834
2/16/2024,1860559
10/4/2018,2022885
3/26/2019,2169672
6/24/2019,2454397
12/10/2019,2429852
4/25/2021,1914993
6/4/2021,2204944
9/25/2021,2059527
11/11/2021,2091676
8/28/2023,1869980
11/24/2023,2115672
3/28/2024,1926602
7/29/2018,2096427
2/28/2019,2252678
1/17/2020,2972246
3/7/2021,1882936
5/16/2023,1827672
7/18/2023,1855995
2/9/2024,1949194
3/31/2024,1586309
3/28/2019,2188951
5/24/2020,2156908
6/4/2020,2118881
7/13/2021,1918561
9/5/2021,1986793
1/9/2022,2092408
1/15/2022,2259705
8/10/2023,1887415
1/30/2024,1541902
8/5/2019,2523905
12/18/2019,2681392
10/18/2020,1565272
4/27/2022,1971048
12/11/2022,2263701
6/1/2023,2007307
7/25/2018,1983992
1/26/2019,2197874
5/10/2019,2928488
7/19/2019,2823145
9/8/2019,2669551
4/29/2020,1551151
12/25/2020,4160
11/1/2021,2032679
3/22/2022,1856601
5/7/2022,2696680
9/6/2022,2027821
9/7/2022,2023288
12/12/2022,2216432
6/10/2019,2518423
5/29/2021,2279822
9/9/2021,1956280
2/1/2022,2571498
5/23/2022,2186909
7/5/2022,2084874
8/15/2022,2089315
3/4/2023,1822451
4/29/2023,1978382
11/4/2023,1936684
1/14/2024,1477810
4/8/2024,1092490
10/9/2018,1974196
12/30/2018,2141587
3/30/2019,2566363
10/19/2020,1505888
5/7/2021,2154493
7/11/2021,1993172
4/12/2022,2016644
12/28/2022,2131332
9/19/2018,1982571
9/30/2018,2148880
2/1/2019,2143143
5/10/2020,1740632
12/22/2020,2373819
7/4/2023,1778013
10/29/2023,1851714
1/2/2024,1784639
10/7/2018,2158503
7/11/2019,2485782
10/1/2019,2301360
11/9/2019,2824045
1/25/2020,2577159
4/26/2020,1502077
8/22/2020,1738294
12/30/2020,1789760
4/21/2021,1724418
6/2/2022,2173571
3/11/2019,2344674
12/4/2019,2398757
4/21/2020,1514595
9/6/2021,1963087
11/17/2021,2065349
1/18/2022,1920280
6/5/2022,2234192
10/21/2018,2129936
12/18/2018,2289280
3/29/2019,2508202
6/3/2019,2596122
6/6/2019,2559687
6/28/2019,2877760
11/6/2020,1793507
6/20/2021,1969199
6/27/2021,1996589
12/14/2021,2246736
8/3/2022,2004839
4/26/2019,2671310
5/13/2019,2441885
3/9/2020,2342594
7/5/2020,1542082
12/13/2020,1927981
7/8/2021,1985645
8/25/2021,1931005
11/23/2021,2610459
12/27/2021,2141621
3/19/2022,2182400
12/19/2022,2563532
12/29/2022,2188849
8/3/2023,1921265
12/4/2018,2064226
1/20/2019,1662180
5/20/2019,2538236
9/27/2019,2613482
3/10/2020,2318517
10/5/2020,1514073
2/26/2021,1882420
6/28/2021,1936928
8/7/2022,2171122
12/25/2018,289
11/18/2013,1
3/19/2019,2160206
6/15/2019,3078910
3/11/2020,2511831
9/13/2021,1885423
9/26/2021,1947660
1/10/2022,1918474
4/18/2022,1908161
5/24/2022,2135134
7/15/2022,2288593
8/8/2022,2082385
2/16/2023,1578131
4/2/2024,1638251
5/12/2019,2791229
8/21/2019,2432851
4/19/2020,1430283
6/5/2020,2356571
4/7/2021,1781573
6/1/2021,1941844
6/29/2022,2174678
7/29/2022,2414554
10/11/2022,1906050
1/2/2023,2102443
7/31/2023,1877023
8/6/2023,1901693
8/20/2023,1935284
4/6/2024,2034503
7/3/2018,2480592
7/8/2018,2094909
11/17/2018,2433835
9/30/2019,2366092
12/8/2019,2731146
8/4/2020,1570394
9/4/2020,1832071
8/23/2021,1985005
1/8/2022,2244923
9/20/2022,1932543
5/9/2023,1831215
3/12/2024,1714843
7/18/2018,2053697
5/4/2019,2766040
10/22/2019,2289978
4/15/2021,1795584
5/21/2021,2198974
4/9/2022,2248393
11/1/2022,1975788
9/11/2018,1956293
10/1/2018,2033283
10/15/2018,2024111
12/6/2018,2072361
1/22/2019,1749746
6/13/2019,2570432
7/25/2019,2472620
9/14/2019,2786678
12/22/2019,3270841
12/10/2021,2388350
1/24/2022,1701319
10/13/2018,2383528
1/19/2019,1771511
2/19/2019,2134741
2/11/2020,2343358
6/17/2020,1994331
4/6/2022,1868731
6/28/2022,2103818
11/26/2018,1856066
12/29/2019,2368066
4/13/2020,1362270
7/2/2020,1994022
4/21/2022,1995085
5/6/2022,2333029
6/19/2022,2239736
7/24/2022,2142143
5/30/2023,1914585
6/12/2019,2458457
7/23/2019,2389094
9/23/2019,2370469
10/4/2019,2719577
6/12/2020,2176973
8/9/2020,1597970
10/29/2020,1691709
10/20/2021,1984333
1/23/2022,1867561
5/19/2023,2035723
5/20/2023,2077372
6/7/2023,1900645
10/13/2023,1963473
12/11/2023,1936458
7/27/2018,2299903
12/20/2018,2528054
12/21/2018,2921932
6/21/2019,2796617
7/7/2019,2503061
9/6/2019,2643797
5/17/2020,1855838
4/12/2023,1767726
4/21/2023,1928541
11/5/2023,1893748
8/28/2018,1976320
12/3/2018,2107201
4/16/2019,2305074
5/25/2019,3143594
8/25/2019,2653933
6/25/2020,1990093
9/30/2021,1916349
12/4/2021,2519761
12/12/2021,2396480
8/14/2022,2174144
12/8/2022,2126452
6/12/2023,1918931
8/20/2019,2350904
12/23/2020,2726055
5/9/2021,2029876
6/17/2021,2022814
11/16/2021,2057802
12/8/2021,2113316
1/28/2023,2176712
6/21/2023,1923608
11/16/2023,1866042
3/5/2024,1674412
11/24/2018,2337020
8/15/2019,2511021
12/21/2020,2197242
8/12/2021,1995697
2/15/2024,1593625
11/5/2018,1984678
4/29/2019,2228567
9/1/2019,2571647
1/5/2021,1713848
5/31/2021,1887191
2/15/2022,1889289
3/11/2022,2072612
7/10/2022,2158127
7/16/2022,2247440
8/12/2022,2260333
4/1/2023,1872979
3/12/2019,2209351
5/22/2019,2502134
7/3/2020,2247236
8/26/2020,1538483
8/24/2021,1900740
1/16/2022,2015664
12/6/2022,2042591
1/11/2023,1915636
9/4/2019,2354867
12/14/2019,3232562
2/25/2020,2253493
3/29/2020,1393794
12/12/2020,2042151
4/23/2021,1963719
8/1/2018,2061694
4/10/2019,2229194
11/27/2019,3497548
2/9/2020,2437028
3/21/2020,1935426
4/14/2020,1446217
8/7/2020,1751879
10/13/2020,1482010
12/9/2020,1779429
2/21/2021,1773376
5/18/2021,1909730
6/13/2021,2039378
10/6/2022,2009311
11/23/2022,3075486
7/19/2023,1931018
9/17/2023,1868738
10/6/2023,2012421
12/31/2023,2010340
3/6/2024,1733176
12/1/2018,2408558
11/27/2020,1857063
7/3/2021,2346122
7/1/2022,2650205
11/10/2022,2050967
12/26/2022,2158895
9/12/2023,1764554
9/16/2018,2123348
12/9/2018,2177770
3/4/2019,2223841
5/2/2019,2326317
10/2/2019,2285864
11/15/2019,2841110
2/23/2020,2463454
9/17/2020,1560301
4/26/2021,1794688
9/10/2021,2103210
2/12/2022,2433701
2/22/2022,1750813
7/14/2022,2123606
12/17/2022,2599156
4/9/2023,1631744
2/8/2024,1739163
8/10/2019,2772033
7/21/2020,1571550
11/16/2020,1747742
5/10/2021,1875480
5/28/2021,2170069
11/5/2021,2212758
7/13/2022,2068527
5/13/2023,2382358
9/8/2023,1981627
8/29/2018,2007919
9/29/2019,2535535
11/14/2019,2522724
8/16/2020,1591920
9/3/2020,1650939
9/16/2020,1496051
11/9/2020,1640640
2/5/2021,1661114
8/1/2021,2003237
12/1/2021,2099938
12/5/2022,2128181
12/24/2018,2777702
12/29/2018,2189173
1/5/2019,2228594
8/16/2019,2802048
4/6/2020,1387992
5/30/2020,2402090
8/13/2020,1614511
8/20/2020,1582677
12/16/2020,1824185
3/21/2021,1892194
3/26/2022,2126932
5/2/2022,2055228
2/18/2023,1920407
8/12/2018,2146109
2/10/2019,2037014
5/21/2019,2465917
6/15/2020,1959725
9/16/2021,1911786
2/28/2022,1914993
8/5/2022,2293169
12/10/2022,2476451
5/25/2020,1969500
2/10/2021,1676681
12/4/2022,2211323
7/7/2023,2093708
7/16/2018,2064618
10/26/2018,2317468
3/21/2019,2199386
5/28/2019,2421621
12/5/2019,2588746
4/23/2020,1540897
5/19/2020,1917857
10/30/2020,1990491
1/19/2021,1692392
8/10/2022,2049477
2/1/2023,1883353
7/20/2018,2285719
9/15/2018,2326229
6/27/2019,2524318
12/23/2019,4088057
6/10/2020,1897388
7/12/2020,1655100
11/19/2020,1752228
5/27/2021,2031497
10/5/2021,1882936
4/15/2022,2633283
9/9/2022,2234659
11/28/2022,2070376
4/4/2023,1770063
9/1/2023,2186649
12/12/2023,1893709
2/21/2020,2554410
5/6/2020,1684854
12/24/2020,2365083
5/16/2021,2018893
7/2/2021,2390089
8/3/2021,1937662
7/22/2023,1971016
8/14/2018,2045741
8/24/2018,2321722
2/22/2019,2612506
3/25/2019,2243569
7/3/2019,3164657
5/21/2020,2085237
6/28/2020,1880711
2/1/2021,1632674
8/20/2021,2122002
12/21/2021,2717943
3/25/2023,1791670
6/30/2023,2258684
11/12/2018,2041075
1/10/2020,2883399
3/3/2020,2282048
8/23/2020,1622486
12/20/2020,2059475
1/13/2022,1993436
6/23/2022,2173263
9/28/2022,1960514
10/23/2022,2061298
11/22/2022,2596842
2/6/2024,1684023
8/16/2018,2085056
11/8/2018,2105727
2/21/2019,2200913
5/11/2019,3254570
2/27/2020,2128767
4/20/2020,1467516
7/29/2020,1576159
11/5/2020,1632997
3/14/2021,1834416
2/10/2022,1997093
4/6/2023,1962808
2/17/2024,1848834
10/2/2018,1967925
1/24/2020,2443592
1/24/2021,1722316
12/22/2021,2955537
2/6/2022,2065811
9/24/2022,2200004
11/24/2022,1650295
8/14/2023,1811551
11/15/2023,1831303
12/15/2023,2227978
11/29/2018,2036240
7/22/2019,2473821
2/19/2020,2205486
1/22/2021,1913039
2/6/2021,2047433
3/12/2021,1932212
6/19/2021,2297880
7/10/2018,2031170
1/3/2019,2003780
2/11/2019,2012158
5/15/2021,2121905
5/24/2021,1998253
7/24/2021,2126393
2/4/2022,1788153
4/10/2023,1775193
5/2/2023,1746142
4/21/2019,2327023
10/9/2020,1667342
9/28/2021,1843277
10/18/2021,2021382
12/28/2021,2093759
10/18/2022,1936470
9/20/2023,1776249
1/18/2024,1761198
3/8/2024,1850222
5/19/2019,2705175
12/11/2019,2488922
4/9/2020,1545879
7/28/2020,1564594
11/10/2020,1636100
11/7/2021,2205389
11/24/2021,3099702
3/9/2022,1947343
6/3/2022,2391377
2/29/2024,36190
8/17/2018,2342799
12/31/2018,2407034
4/5/2019,2530273
4/22/2019,2320603
9/13/2020,1587279
7/1/2021,2129427
10/22/2021,2265773
4/19/2022,1960030
7/22/2022,2348073
8/18/2022,2072924
4/17/2023,1731292
7/12/2023,1856345
9/10/2023,1881238
3/3/2019,2503320
8/13/2019,2445208
8/31/2019,2856776
11/13/2019,2403799
4/17/2020,1593282
8/12/2020,1582256
6/2/2021,1914417
9/29/2021,1860754
11/29/2021,2120917
2/7/2022,1915552
10/7/2022,2255426
10/20/2022,2022489
1/12/2023,1879425
4/11/2023,1732361
6/11/2023,1919186
3/9/2019,2698115
7/10/2019,2470586
10/8/2019,2325190
3/5/2020,2269023
3/6/2020,2517279
5/9/2020,2215076
10/6/2020,1471855
10/28/2020,1610372
11/1/2020,1703961
3/24/2021,1783656
5/27/2023,2175024
8/15/2023,1837121
2/23/2024,1859785
3/27/2024,1838513
3/13/2019,2222191
11/19/2019,2301489
6/18/2020,2061739
1/23/2021,2010897
3/9/2021,1699832
8/25/2022,2066351
10/15/2022,2230132
9/18/2023,1804612
11/19/2023,2016314
1/9/2024,1467410
2/27/2024,1639760
4/7/2024,1933998
12/14/2018,2466904
1/31/2019,1636567
5/24/2019,3088499
9/11/2019,2304368
3/25/2020,1456567
9/1/2020,1537590
7/18/2021,1972339
4/2/2023,1887080
1/19/2024,1699822
12/19/2018,2401352
12/23/2018,3027253
8/9/2019,2793658
11/22/2019,2874278
12/16/2019,2686443
11/2/2020,1689738
4/28/2021,1789253
9/12/2021,1984969
3/25/2022,2105032
6/16/2022,2201907
11/20/2023,2130727
7/24/2018,2024058
12/13/2018,2226829
1/10/2019,1893250
1/17/2019,2007888
6/29/2019,2935847
6/30/2019,2733140
7/16/2019,2444681
12/25/2019,3054
11/28/2020,1872246
3/10/2021,1720191
3/15/2021,1661997
7/31/2021,2117959
9/12/2022,2037436
9/25/2022,2123999
10/24/2022,2009491
2/15/2023,1677501
9/6/2018,2006295
9/13/2018,2023191
2/25/2019,2150845
10/30/2019,2472293
9/9/2020,1544374
10/25/2020,1615387
3/26/2021,1963145
9/4/2021,2156524
12/26/2021,2194908
6/17/2022,2450923
8/6/2022,2231573
12/21/2022,3277101
1/25/2023,1455674
6/26/2023,1896509
12/29/2023,2143464
10/8/2018,2024670
12/8/2018,2507740
3/27/2019,2226267
6/5/2019,2467417
5/27/2020,2050201
7/19/2020,1563119
1/6/2022,1823001
2/3/2022,1312872
9/5/2022,2077257
6/5/2023,1944115
7/10/2023,1912815
8/17/2023,1830937
2/10/2024,2082708
3/19/2024,1736064
4/1/2024,1791497
7/6/2018,2275184
1/4/2019,2138615
1/15/2019,1838008
4/7/2019,2529574
10/14/2019,2382546
11/17/2020,1701576
10/23/2021,2289808
1/21/2023,2181822
2/10/2023,1935461
2/14/2023,1936178
3/26/2023,1799731
10/8/2023,1857471
10/16/2023,1799173
10/25/2023,1779138
1/28/2024,1760009
9/3/2018,2228068
12/7/2019,3045543
1/4/2020,2724213
5/12/2020,1692106
7/31/2020,1779223
10/16/2020,1716157
6/8/2021,1923661
3/1/2022,1907065
9/26/2022,2009787
3/29/2024,2202675
7/30/2018,2043484
9/7/2018,2232234
10/17/2018,2001759
11/16/2018,2351568
3/10/2019,2475994
7/4/2019,2779992
2/1/2020,2849145
9/6/2020,1560031
12/3/2020,1787667
4/4/2021,1378049
4/30/2021,2070314
9/3/2021,2232662
12/29/2021,2198466
2/5/2023,2035340
9/21/2023,1795439
3/4/2024,1734705
8/19/2018,2198278
10/20/2018,2334378
2/7/2019,1812156
12/10/2020,1813035
2/19/2021,1859929
11/14/2023,1818342
2/20/2019,1958434
10/21/2019,2324964
11/11/2019,2128441
7/18/2020,1734341
11/22/2020,1908600
7/11/2022,2101052
10/14/2022,2261425
11/4/2022,2260326
5/1/2023,1766179
5/17/2023,1878490
6/11/2019,2421423
6/20/2020,2345826
3/2/2021,1670910
7/2/2023,1919825
8/23/2023,1801023
9/5/2023,1814040
2/8/2019,2054323
7/31/2019,2401689
7/23/2020,1646843
11/24/2020,2055358
3/25/2021,1793903
11/14/2022,2123949
6/4/2023,2003672
10/31/2023,1708135
11/26/2023,1762424
1/13/2024,1532953
2/19/2024,1763113
1/2/2019,1916031
7/15/2019,2545077
3/2/2020,2306396
4/11/2021,1920332
4/20/2021,1729673
2/23/2022,1899544
5/18/2022,2028546
10/5/2022,1951698
10/8/2022,2217085
5/21/2023,1988480
10/15/2023,1855541
12/14/2023,2003236
2/25/2024,1801728
4/9/2019,2236310
4/15/2019,2397075
1/11/2020,2333144
1/13/2020,2315811
4/24/2020,1679862
6/16/2020,1965762
8/25/2020,1537654
12/2/2020,1726986
6/26/2021,2039679
7/30/2022,2232024
11/7/2022,2183544
1/26/2023,1776354
7/28/2023,2061664
2/5/2019,1871599
2/12/2019,1726766
2/14/2019,2480262
10/28/2019,2382153
1/28/2020,2145358
4/28/2020,1598892
7/4/2021,1909003
1/5/2023,1933286
2/6/2023,1875038
9/15/2023,2005988
1/5/2024,1966361
8/25/2018,2341109
9/28/2019,2744050
12/15/2019,2842015
1/22/2020,2215762
9/21/2021,1841265
10/10/2021,2027117
10/29/2021,2330394
2/21/2022,2027676
4/28/2023,1933369
2/12/2024,1699756
9/5/2018,1970460
11/15/2018,1952370
8/26/2019,2381289
7/26/2020,1572032
11/10/2021,2073412
2/19/2022,2125029
3/14/2022,1956928
5/20/2022,2305440
7/13/2023,1910097
8/1/2023,1898269
8/18/2023,2036776
12/20/2023,2270951
12/24/2023,2141366
1/13/2019,1978727
3/23/2019,2719415
3/22/2020,1597950
10/12/2020,1486346
6/12/2022,2229869
10/26/2022,2046585
2/2/2023,1908305
2/19/2023,1795112
3/17/2023,1878079
3/20/2023,1745437
1/26/2024,1883331
7/6/2019,2713673
6/9/2020,1964185
3/30/2021,1751929
7/25/2021,1985795
8/28/2021,2144217
8/30/2021,1946807
10/17/2021,2136175
3/7/2022,1859567
7/2/2022,2543265
10/21/2022,2216196
9/30/2023,1972395
12/18/2023,2013397
1/31/2024,1692902
7/14/2019,2685376
10/25/2019,2717637
11/12/2019,2165784
1/3/2020,2655438
9/22/2023,1968142
2/11/2024,1897032
8/7/2018,2037410
9/22/2018,2309794
1/12/2019,2028764
1/7/2020,2248590
2/8/2020,2653139
3/5/2021,1896259
3/18/2021,1711218
4/16/2021,1979285
5/4/2021,1810637
6/11/2022,2272530
8/25/2023,1999246
7/31/2018,1983959
7/17/2019,2527488
9/10/2019,2312120
1/5/2020,2498866
8/2/2021,1951005
12/30/2021,2460618
3/27/2022,2039802
5/26/2023,2256715
12/27/2023,1975193
6/17/2019,2485622
6/20/2019,2485041
12/27/2019,2769678
3/8/2020,2530741
5/4/2020,1668216
2/20/2021,1958955
10/25/2021,1978981
10/31/2021,2120485
6/7/2022,2059107
9/14/2022,1968061
12/27/2022,2112383
12/8/2023,2123209
7/1/2018,2176483
7/2/2019,2651293
7/9/2019,2429944
11/28/2019,2921952
11/18/2020,1742648
12/19/2020,2312220
1/9/2021,1931756
11/8/2021,2031795
5/5/2022,2081536
5/10/2023,1830604
6/16/2023,2188061
8/9/2018,2089933
8/26/2018,2171276
4/3/2020,1704108
7/16/2020,1666967
5/28/2022,2551684
7/3/2022,2307129
7/8/2022,2305150
12/15/2022,2251276
12/24/2022,2017556
2/11/2023,2067508
2/24/2023,1878472
5/29/2023,1861121
3/23/2024,2000164
3/16/2019,2817734
9/21/2019,2680293
11/23/2019,3012543
3/30/2020,1452316
6/22/2020,1888278
4/13/2021,1770732
4/17/2021,2007330
5/23/2021,2054936
10/3/2021,2030001
10/10/2022,2017901
5/12/2023,2159772
5/25/2023,2017357
1/4/2024,1800486
2/26/2019,2190939
4/23/2019,2272269
11/24/2019,2853901
7/25/2020,1728088
10/24/2021,2111607
12/11/2021,2411750
7/17/2022,2126026
1/22/2024,1697769
2/7/2024,1717105
11/7/2018,1903060
4/27/2020,1529557
11/4/2020,1533722
1/1/2021,1323211
3/8/2021,1716844
3/8/2022,1943518
4/30/2022,2269758
9/1/2022,2135002
8/7/2019,2448698
9/11/2020,1692573
4/6/2021,1755927
10/21/2021,2035998
12/13/2021,2272907
8/28/2022,2222034
11/3/2022,2020537
5/23/2023,1889250
1/24/2024,1650024
7/1/2019,2676959
11/5/2019,2284665
8/15/2020,1728390
12/15/2020,1887136
1/3/2022,2084714
8/23/2022,2015555
1/31/2023,1779190
1/15/2024,1629374
12/5/2018,1994111
12/27/2018,2100381
2/6/2019,1661472
5/9/2019,2435434
1/6/2020,2346784
2/20/2020,2204779
4/15/2020,1506388
5/11/2020,1582500
6/24/2020,1929870
9/5/2020,1763261
9/22/2020,1490601
9/25/2020,1695601
12/31/2020,2265281
1/26/2021,1419401
1/30/2021,2205220
2/8/2021,1599261
2/8/2022,1929798
2/14/2022,2076483
2/27/2022,2079615
7/4/2022,1956156
7/9/2018,2094077
11/28/2018,1958182
2/16/2019,2455907
11/17/2019,2642630
2/22/2020,2702638
6/7/2020,2117007
2/9/2021,1636897
5/6/2021,1870092
9/7/2021,1860406
9/24/2021,2052651
12/3/2021,2365207
1/10/2024,1724113
9/26/2018,1957613
11/13/2018,1965399
1/14/2019,1910108
3/17/2020,2104859
5/2/2020,1812720
7/17/2020,1810386
2/11/2021,1743137
10/9/2023,1877060
10/18/2023,1754690
11/28/2023,1748099
10/26/2019,2666670
2/10/2020,2292288
3/23/2021,1745941
6/9/2021,1953825
6/14/2021,1975225
11/2/2021,1985889
2/13/2022,2258748
9/2/2022,2404635
11/11/2022,2309091
2/21/2023,1809993
5/11/2023,1928494
12/16/2018,2302666
4/23/2022,2235966
2/4/2023,2183069
2/9/2023,1637208
9/7/2023,1841284
12/6/2023,1841166
11/30/2018,2347919
3/27/2020,1651291
7/7/2020,1646895
4/18/2021,1907942
2/9/2022,1959678
10/4/2022,1977868
4/4/2024,1775695
8/21/2018,2044935
9/12/2018,1979152
5/7/2019,2380540
7/11/2020,1782233
11/20/2020,1941584
10/6/2021,1888873
12/25/2021,4236
3/18/2024,1737256
5/30/2019,2436181
12/20/2019,3427232
9/18/2020,1717194
7/14/2021,1962527
7/27/2021,1926452
10/16/2021,2305631
7/21/2022,2151202
8/1/2022,2110826
1/3/2023,1948203
4/25/2023,1727721
6/14/2023,1908228
9/27/2018,1951984
2/3/2019,2094991
4/17/2019,2408243
2/17/2021,1654819
2/25/2021,1710382
8/11/2021,1921944
11/14/2021,2212831
1/25/2022,1931112
2/20/2022,2061460
6/9/2022,2151663
5/8/2023,1849684
7/3/2023,2218453
2/13/2024,1968180
10/3/2018,1989013
9/28/2020,1502526
12/28/2020,1815359
9/17/2021,2104476
4/11/2022,1998231
6/15/2023,1932055
1/23/2024,1452341
7/15/2018,2130085
9/2/2019,2605762
11/8/2019,2689328
8/1/2020,1730448
8/9/2022,2037225
12/3/2022,2355830
6/3/2023,2122509
8/27/2023,1979501
9/13/2023,1778015
10/29/2018,2024040
9/25/2018,1908956
9/29/2018,2275424
9/9/2019,2426283
12/30/2019,2690389
2/5/2020,2224905
2/24/2020,2269175
5/5/2020,1704983
8/11/2020,1576779
1/7/2021,1665668
4/8/2021,1774299
10/4/2021,1938031
9/15/2022,2020888
12/22/2023,2785520
6/29/2018,5569
12/13/2019,3030270
7/10/2020,1822803
7/21/2021,1964658
10/9/2021,2122749
1/30/2022,2084527
7/25/2022,2109931
1/13/2023,2139283
7/9/2023,1914127
8/19/2023,1970854
8/4/2019,2646261
10/15/2019,2259438
12/19/2019,3035625
12/26/2019,2667257
4/7/2020,1394557
6/27/2020,2008038
12/26/2020,1892572
1/7/2022,2047127
9/21/2022,1970947
3/5/2023,1858977
3/27/2023,1717858
4/3/2023,1804915
3/21/2024,1844510
7/13/2018,2406846
6/7/2019,2894485
10/12/2019,2829921
5/14/2020,1816195
8/8/2020,1712231
8/10/2020,1522536
12/4/2020,1943297
9/15/2021,1908777
5/22/2022,2320479
9/10/2022,2210697
1/14/2023,2160975
2/22/2023,1469619
6/2/2023,2176149
8/24/2023,1799917
10/27/2023,1984833
6/6/2020,2341307
10/3/2020,1766178
10/15/2020,1554675
3/20/2021,2031497
5/8/2021,2441975
8/29/2021,2081861
5/14/2022,2349850
11/13/2022,2169803
3/9/2023,1829797
4/8/2023,2416560
7/26/2018,2050120
10/20/2019,2481927
6/8/2020,2006390
9/8/2020,1508048
2/13/2023,1932750
5/18/2023,1880960
1/12/2024,1839513
8/2/2018,2085607
2/18/2019,2044270
8/3/2019,2841344
1/27/2020,2200218
6/15/2022,2145793
3/21/2023,1698980
4/27/2019,2737164
4/7/2022,1970044
5/10/2022,2056949
8/26/2022,2263224
12/7/2022,2071767
1/6/2023,2126037
7/11/2023,1850655
1/17/2024,1681132
12/26/2018,2204476
12/17/2019,2699246
5/12/2022,2159248
7/9/2022,2273208
11/9/2022,1985053
12/22/2018,3084293
1/16/2019,1955298
8/28/2019,2370865
2/6/2020,2011488
3/12/2020,2937008
4/4/2020,1604578
5/3/2020,1637346
7/8/2020,1661574
1/3/2021,1651843
8/14/2021,2111509
11/18/2021,2132511
4/15/2023,2030498
8/15/2018,2070655
8/2/2020,1614341
11/3/2020,1656160
8/4/2021,1929878
8/22/2021,2066913
3/13/2022,2032147
5/27/2022,2550235
8/31/2023,1902996
8/30/2018,2070941
5/16/2020,2094650
9/26/2020,1686251
11/27/2021,2156291
1/22/2022,2196971
5/30/2022,2120530
10/17/2022,2017452
12/2/2018,2193990
8/12/2019,2489139
11/2/2019,2876475
9/18/2021,2082677
10/14/2021,2041640
1/4/2022,2084692
2/5/2022,2152806
5/16/2022,2184958
10/27/2022,2091891
8/22/2023,1817297
7/17/2018,2048556
7/12/2019,2817752
1/30/2020,2198149
3/19/2020,2125325
1/21/2021,1752987
5/29/2022,2291363
9/27/2022,1952284
10/30/2022,2195426
12/18/2022,2321802
1/22/2023,1834285
3/29/2023,1665655
12/30/2023,2174413
10/28/2018,2074550
5/31/2019,2789613
10/31/2019,2281190
6/21/2020,2002508
6/23/2020,1919348
4/3/2021,2489374
6/29/2021,1919062
9/18/2022,2143895
4/13/2023,1794079
8/5/2023,1964751
8/13/2023,1892699
8/13/2018,2077807
1/12/2020,2350538
7/7/2021,1934567
1/17/2022,1903739
7/19/2022,2071593
5/6/2023,1971119
11/23/2023,1480005
12/28/2023,1955585
2/24/2024,1879477
7/14/2018,2324913
5/26/2019,2723611
5/1/2020,1842689
9/27/2020,1562155
8/10/2021,1925321
10/15/2021,2256555
3/24/2022,1935126
5/15/2022,2334290
8/16/2022,2015956
5/24/2023,1933929
7/7/2018,2228234
8/6/2018,2067357
9/23/2018,2115761
3/5/2019,2138840
5/3/2019,2718797
6/19/2019,2431446
7/29/2019,2428155
9/7/2019,2713823
3/13/2021,2021942
7/26/2021,1975638
1/28/2022,2091586
11/12/2022,2331162
3/1/2023,1737743
12/1/2023,1987162
12/17/2023,2064266
2/1/2024,1736899
3/2/2024,1942295
12/28/2018,2297879
12/12/2019,2648881
8/15/2021,2022155
6/8/2022,2034269
7/28/2022,2158774
12/13/2022,2210598
9/2/2023,2050522
11/12/2023,1888500
8/4/2018,2359439
11/22/2018,2458656
12/7/2018,2378952
8/24/2019,2750103
3/16/2020,2904428
6/14/2020,1957242
12/1/2020,1660498
4/14/2021,1769137
5/17/2021,1914473
1/20/2022,1869887
6/10/2022,2265493
10/3/2022,2064747
2/7/2023,1745803
10/5/2023,1794531
1/3/2024,1786758
4/4/2019,2223905
4/25/2020,1676850
5/20/2020,1952777
1/4/2021,1763757
1/16/2021,1926398
8/26/2021,1937027
10/12/2021,1949435
8/29/2022,1980994
10/2/2023,1828651
11/10/2023,2038059
2/20/2024,1675055
3/13/2024,1758393
11/10/2018,2384471
1/27/2019,2115559
11/29/2019,3017138
1/19/2020,2181897
3/1/2020,2566529
11/11/2020,1720383
12/24/2021,3016543
3/6/2022,2158955
6/10/2023,2029111
9/23/2023,1926015
12/4/2023,1882889
2/18/2020,2143258
4/2/2021,2332959
7/9/2021,2117473
11/9/2021,2020124
12/7/2021,2070988
3/29/2022,1883473
9/3/2022,2292076
5/4/2023,1827449
3/11/2024,1773230
6/14/2018,5
4/1/2019,2258197
4/18/2019,2471465
2/29/2020,2730503
4/1/2020,1503189
4/10/2020,1721595
7/12/2021,1957448
11/26/2021,2427244
11/28/2021,2140794
4/22/2022,2180830
2/12/2023,1905580
8/22/2018,2048223
2/9/2019,2323669
3/1/2021,1680399
6/7/2021,1955053
8/8/2021,2006224
5/11/2022,2091490
1/4/2023,1939685
3/14/2023,1716878
8/4/2023,2084889
8/20/2018,2075659
10/19/2018,2492992
4/30/2019,2232657
3/15/2020,2537038
3/26/2020,1521518
6/11/2020,2030410
7/1/2020,1838223
9/12/2020,1727782
11/8/2020,1707997
3/27/2021,2029087
5/26/2021,1974900
6/25/2022,2284011
10/12/2022,1943794
11/19/2022,2330822
3/9/2024,1964478
3/24/2024,1828794
7/2/2018,2222485
10/10/2018,1959738
10/12/2018,2398478
1/18/2019,2498259
5/28/2020,2184172
4/29/2022,2232003
4/20/2023,1756007
10/16/2018,2018052
1/23/2020,2218206
12/27/2020,1678724
3/29/2021,1792353
4/19/2021,1782944
5/14/2021,2112302
11/15/2021,2094746
3/18/2022,2055840
10/1/2022,2211797
6/17/2023,2207759
7/5/2023,1861858
7/6/2023,1945718
8/30/2023,1842334
9/4/2023,1815906
7/21/2019,2592934
2/27/2021,1970204
7/8/2023,2005932
10/3/2023,1794676
10/6/2018,2275824
10/11/2018,2064059
4/14/2019,2356971
4/24/2019,2279481
11/26/2019,3024720
9/29/2020,1509654
6/6/2021,2031566
3/10/2022,1975902
5/9/2022,2094672
9/30/2022,2262753
1/16/2024,1561628
2/3/2024,1969345
9/28/2018,2254594
1/29/2019,1780501
5/5/2023,2034418
7/25/2023,1840619
3/1/2024,43641
3/26/2024,1705323
7/12/2018,2070567
9/10/2018,2022518
10/18/2018,2054964
11/12/2020,1742109
1/31/2021,1508388
7/23/2022,2222355
6/6/2023,1880782
11/3/2023,1951305
12/25/2023,4900
3/3/2024,1882604
7/5/2018,2050094
7/22/2018,2077684
10/27/2018,2379088
11/26/2020,1318536
12/8/2020,1745249
11/26/2022,2212902
11/27/2022,2015067
8/9/2023,1836180
12/9/2023,2165351
10/31/2018,1954460
11/21/2018,2936653
2/2/2019,2390788
8/18/2019,2606889
3/31/2020,1499858
6/13/2020,2147506
2/24/2021,1669928
8/19/2022,2252831
2/27/2023,1514111
4/30/2023,1900696
8/21/2023,1878081
10/22/2018,2041884
5/6/2019,2421903
7/5/2019,2777140
10/10/2019,2399087
1/16/2020,2368986
2/18/2021,1614545
4/27/2021,1755161
8/13/2021,2159972
2/18/2022,1925568
3/20/2022,2112916
7/26/2022,2090508
1/7/2023,2183053
5/14/2023,2082101
5/31/2023,1939429
11/21/2023,2228838
12/16/2023,2263567
2/26/2024,1693634
11/25/2019,2834188
12/1/2019,2484245
9/19/2020,1715455
4/14/2022,2235186
9/23/2022,2219604
11/6/2022,2233157
7/24/2023,1882421
10/30/2018,2067288
6/2/2019,2758799
9/25/2019,2302462
5/13/2020,1749309
11/13/2020,1943497
10/13/2021,1971514
2/26/2022,2188440
2/18/2024,1787629
1/2/2020,2420031
6/26/2020,2067174
11/21/2021,2402850
11/9/2023,1833788
2/28/2024,302344
9/20/2018,1988084
6/14/2019,2938444
3/20/2020,2274652
10/8/2020,1516998
10/14/2020,1496968
10/22/2020,1552504
12/29/2020,1890817
6/11/2021,2166683
8/19/2021,1972350
12/23/2021,3491260
11/16/2022,2047495
1/24/2023,2121297
9/30/2020,1500355
8/6/2021,2114517
3/31/2022,1878335
4/8/2022,2123016
10/23/2023,1787007
3/7/2024,1762547
1/1/2019,1670158
1/9/2020,2366892
1/10/2021,1797237
4/16/2022,2905947
10/9/2022,2085641
11/8/2022,1975588
1/20/2023,2065489
6/29/2023,1961126
12/2/2023,2063032
2/17/2019,2048029
1/31/2020,2606372
3/17/2022,1922124
9/22/2022,2044841
1/27/2023,2015706
7/16/2023,1899391
9/29/2023,1988558
3/17/2024,1847128
7/4/2018,2200191
2/13/2019,2153485
8/19/2019,2478126
10/7/2020,1478523
10/1/2021,2118889
4/13/2022,2011995
12/16/2022,2550200
2/28/2023,1734218
7/1/2023,2131277
7/14/2023,2068097
8/26/2023,1994281
9/25/2023,1826385
9/4/2018,2047179
6/9/2019,2688437
10/17/2019,2359223
2/16/2020,2424951
3/23/2020,1903157
3/28/2020,1578627
5/7/2020,1760296
9/20/2020,1604949
11/14/2020,2011077
6/18/2021,2200301
6/21/2021,1893373
1/5/2022,1843833
6/14/2022,2133091
7/23/2018,2032568
5/23/2019,2634611
10/2/2020,1760012
4/24/2022,2107168
8/4/2022,2126091
3/13/2023,1677557
11/30/2023,1870270
2/2/2024,1910149
8/23/2019,2725316
9/18/2019,2282903
10/16/2019,2313264
11/3/2019,2655913
1/15/2020,2284676
5/20/2021,1991039
5/22/2021,2218929
11/20/2021,2463138
12/2/2021,2117562
7/18/2022,2113709
1/29/2023,1882733
11/7/2023,1774817
12/12/2018,2074359
3/24/2019,2413122
9/24/2019,2260575
10/27/2019,2592806
1/26/2020,2413750
4/12/2020,987308
8/3/2020,1591846
3/17/2021,1798989
3/28/2021,1856189
1/14/2022,2180285
5/31/2022,2137360
10/25/2022,1937458
3/31/2023,1809152
11/1/2023,1761963
1/8/2024,1923373
9/21/2018,2332719
12/15/2018,2626133
1/24/2019,1884443
6/16/2019,2698371
6/22/2019,2843571
11/30/2019,2833471
4/1/2022,2193224
10/21/2023,1963690
4/11/2019,2209814
8/11/2019,2660430
8/29/2019,2461771
8/30/2019,2903943
11/4/2019,2355671
11/10/2019,2638045
1/20/2020,2285499
2/17/2020,2274619
4/16/2020,1598710
10/10/2020,1657962
2/14/2021,1965793
8/17/2022,2037793
12/1/2022,2094314
3/8/2023,1727190
7/30/2023,1893173
10/23/2018,2101944
12/10/2018,2095149
4/6/2019,2640575
9/13/2019,2731423
6/3/2020,2110181
12/6/2020,1823159
7/29/2021,1971452
10/28/2021,2128745
12/16/2021,2336868
1/19/2022,1920083
3/11/2023,1972822
4/19/2023,1744238
9/24/2023,1878121
6/13/2018,4
10/14/2023,1933725
3/10/2023,1683471
6/26/2022,2197966
3/20/2024,1753679
3/16/2021,1754177
3/30/2024,2372563
9/11/2022,2122516
9/3/2019,2397189
10/19/2021,1958881
8/7/2021,2098866
7/13/2019,2818360
2/15/2019,2323485
7/20/2022,2092564
1/15/2021,1852576
9/2/2018,2173904
3/30/2022,1792700
8/21/2020,1742493
8/17/2020,1555731
9/14/2020,1508836
2/13/2020,2344968
7/22/2021,1994545
10/11/2023,1831760
3/16/2024,1999799
2/21/2024,1688575
3/21/2022,1946266
1/9/2019,1833136
2/12/2021,2019516
6/25/2021,2033631
11/17/2022,2068173
10/11/2020,1547941
7/15/2020,1626235
2/14/2020,2836484
5/8/2022,2338500
1/18/2020,2185659
3/3/2022,1944172
4/5/2023,1675545
10/7/2019,2432994
10/6/2019,2628809
1/25/2019,2013427
8/21/2022,2239012
4/22/2023,1949600
8/23/2018,2043932
8/19/2020,1551237
8/8/2023,1893507
11/21/2020,2028283
8/29/2023,1810519
7/18/2019,2554351
12/14/2020,1863256
10/1/2023,1875988
5/1/2019,2308847
11/18/2022,2260191
1/29/2021,2017380
3/23/2022,1854537
3/7/2023,1704478
8/27/2020,1573573
10/24/2018,1937726
12/23/2023,2900835
12/21/2023,2409124
3/20/2019,2161922
4/4/2022,1931766
4/27/2023,1786725
10/18/2019,2708612
12/3/2019,2482411
9/15/2019,2561989
2/22/2021,1606359
6/30/2021,1982056
9/20/2021,1878635
2/3/2023,2032266
5/4/2022,2077195
10/24/2020,1786683
4/24/2023,1778467
7/4/2020,1777421
2/28/2020,2534931
5/13/2022,2377487
8/16/2021,1964154
8/27/2019,2369976
7/21/2023,2078730
8/22/2022,2088258
8/18/2020,1526363
7/15/2021,2015793
4/22/2021,1797987
6/12/2021,2145727
11/3/2018,2353943
11/23/2018,2446623
11/13/2023,1843433
4/20/2022,1959142
7/17/2023,1917812
6/25/2023,1880763
9/16/2023,1955312
11/6/2023,1804712
9/21/2020,1535268
1/11/2021,1699694
3/4/2022,2125134
7/28/2021,1950330
8/24/2022,2024136
11/5/2022,2329526
12/21/2019,3557539
6/27/2022,2148633
1/23/2019,1702856
1/12/2022,1999073
8/6/2019,2430608
3/3/2023,1765732
2/3/2021,1860814
11/11/2018,2125412
2/27/2019,2069242
5/7/2023,1935157
2/13/2021,2170472
11/2/2022,2031704
10/20/2023,1999729
10/29/2022,2344526
9/15/2020,1501144
3/4/2020,2256396
1/1/2020,1954184
1/30/2023,1818506
12/19/2021,2494495
12/6/2019,2854484
8/14/2019,2450272
2/2/2022,1536218
10/31/2020,1926765
1/16/2023,1930991
7/22/2020,1599276
12/2/2019,2492194
9/9/2023,1954733
5/17/2022,2083916
11/12/2021,2316452
9/1/2021,1941008
2/23/2021,1667002
9/16/2019,2355929
1/6/2019,2076133
1/8/2021,1830780
5/29/2020,2370484
4/5/2020,1380337
10/22/2022,2166774
6/10/2021,2003949
3/6/2021,1960980
1/12/2021,1662481
10/13/2022,2036012
4/28/2022,2007757
1/2/2021,1798243
1/9/2023,1967517
2/23/2023,1563658
7/6/2022,2097520
4/26/2022,1927171
1/20/2024,1878938
1/6/2024,1926502
8/12/2023,1968975
12/11/2018,2064372
3/2/2022,1854131
6/23/2021,1896795
5/2/2021,1963763
1/1/2022,1749708
4/8/2020,1406877
2/2/2020,2593144
12/13/2023,1987040
4/5/2022,1933384
1/21/2024,1732031
9/19/2022,2013244
4/5/2024,1983914
6/5/2021,2209455
7/16/2021,2107677
11/4/2021,2014355
10/21/2020,1515448
8/14/2020,1738233
7/9/2020,1720120
7/13/2020,1633080
9/23/2020,1499097
3/2/2019,2787921
3/8/2019,2639116
1/27/2024,1955031
12/31/2021,2746867
9/17/2018,2015226
1/15/2023,1981096
9/4/2022,2108268
6/26/2019,2449653
11/7/2019,2350826
8/2/2019,2897708
5/17/2019,2858795
7/21/2018,2299814
8/11/2023,2015968
2/26/2020,1942537
12/26/2023,2044908
4/7/2023,2263776
10/19/2023,1779758
9/23/2021,1903132
10/13/2019,2518732
2/20/2023,1786972
8/5/2018,2157437
1/23/2023,1924681
3/24/2020,1504622
3/14/2020,2900564
7/12/2022,2053604
9/19/2019,2323373
2/24/2019,2191297
8/17/2021,1932580
8/18/2018,2327479
10/3/2019,2420834
1/14/2021,1725408
11/15/2020,1702214
3/4/2021,1718339
12/9/2019,2508799
2/17/2022,1667848
12/30/2022,2471794
8/7/2023,1907461
4/2/2020,1556229
8/30/2020,1624026
11/25/2020,2416868
11/22/2021,2446770
5/15/2019,2475417
6/27/2023,1865067
11/2/2023,1772854
10/16/2022,2101988
8/16/2023,1843371
1/13/2021,1691685
3/15/2023,1788634
8/31/2021,1888108
11/25/2022,2525260
10/1/2020,1593368
8/27/2022,2256041
7/6/2020,1658450
5/31/2020,2109459
7/20/2023,1874989
9/20/2019,2674677
1/14/2020,2262339
11/6/2019,2245504
10/14/2018,2093710
4/11/2020,1759092
12/7/2023,1886304
12/14/2022,2187655
3/1/2019,2670619
11/19/2018,2299272
6/20/2022,2182563
5/25/2021,1966970
6/4/2022,2327086
4/3/2019,2230902
10/30/2021,2414906
3/22/2024,1758399
7/27/2020,1559467
7/14/2020,1614201
6/24/2022,2370383
10/25/2018,1991855
12/19/2023,2158397
2/17/2023,1778866
3/6/2019,2190916
1/8/2020,2203191
7/5/2021,1934949
11/16/2019,2944951
10/26/2021,2041051
11/3/2021,2003286
6/18/2019,2393992
3/7/2019,2247520
3/10/2024,1795438
6/28/2023,1915787
7/11/2018,2018473
9/26/2023,1753837
12/5/2023,1811220
2/14/2024,2022653
2/11/2022,2184317
11/14/2018,2090082
12/15/2021,2343719
11/7/2020,1846481
5/5/2021,1863066
11/6/2018,1911783
12/9/2021,2177626
10/17/2020,1726699
9/26/2019,2346322
7/6/2021,1923922
3/28/2023,1688990
4/19/2019,3139511
7/27/2019,2768665
4/14/2023,2014783
10/7/2023,2012560
10/22/2023,1825974
1/10/2023,1926804
10/29/2019,2367977
3/18/2023,1811276
1/21/2022,2128280
11/30/2021,2047014
1/29/2024,1656528
6/1/2022,2135253
4/16/2023,1846831
9/28/2023,1818882
6/25/2019,2390664
3/3/2021,1716641
7/19/2018,2097168
2/16/2021,1175962
6/19/2020,2282012
4/26/2023,1771906
1/17/2023,1833265
10/17/2023,1747074
12/31/2019,2885379
4/1/2021,1947240
3/31/2021,1835732
7/26/2019,2796969
11/18/2018,2298266
8/8/2019,2496248
1/17/2021,1691709
4/9/2021,1981126
3/18/2020,1990052
2/3/2020,2214564
3/16/2023,1806290
9/2/2021,1983577
4/5/2021,1799067
12/6/2021,2059196
1/1/2024,1419120
6/13/2022,2123626
4/8/2019,2312413
11/11/2023,2035619
6/30/2022,2317528
1/11/2022,1921679
8/30/2022,2025171
9/8/2022,2035442
8/27/2018,2057769
8/17/2019,2828025
12/20/2021,2638139
7/26/2023,1783130
9/12/2019,2412468
1/11/2019,2314196
3/22/2023,1693695
7/20/2020,1588743
6/2/2020,2088212
9/27/2021,1872175
5/19/2021,1940695
6/24/2021,1896728
2/28/2021,1798235
2/7/2021,1715096
10/26/2023,1811406
5/11/2021,1876518
9/19/2021,1986550
4/23/2023,1859453
3/19/2023,1835308
3/15/2024,1988018
7/24/2019,2410192
5/5/2019,2624027
5/18/2019,2941862
4/3/2024,1780261
5/15/2020,2095494
5/26/2020,2024660
1/29/2020,2151477
2/7/2020,2483259
9/17/2022,2175752
4/25/2022,1983954
1/8/2023,2053828
11/30/2020,1675491
10/23/2020,1699609
1/18/2023,1872710
12/7/2020,1752706
6/3/2021,2042611
11/27/2018,1938508
2/24/2022,1930199
7/27/2023,1909786
1/26/2022,1900605
4/18/2020,1688848
5/1/2021,2067684
8/5/2021,1973915
10/28/2023,1998017
8/2/2023,1858508
10/7/2021,1944746
3/31/2019,2404447
11/4/2018,2135904
3/19/2021,1995383
3/25/2024,1798364
11/30/2022,1940007
9/16/2022,2211477
3/22/2019,2615704
12/5/2020,2072375
11/20/2019,2363053
6/23/2019,2623118
3/15/2019,2599349
3/18/2019,2232987
12/17/2018,2291157
7/23/2023,1897013
5/15/2023,1879770
10/27/2020,1551953
11/6/2021,2253165
8/13/2022,2231280
6/20/2023,1884646
1/2/2022,1818067
8/1/2019,2518572
12/23/2022,1782196
1/21/2019,1810986
8/31/2020,1540119
6/13/2023,1822905
10/30/2023,1909056
10/24/2023,1708939
5/28/2023,1980098
6/21/2022,2098422
12/22/2022,3278416
9/8/2021,1941444
12/17/2021,2634686
9/5/2019,2374075
11/25/2018,2148138
7/20/2019,2802988
6/19/2023,1944701
9/10/2020,1559615
5/25/2022,2152321
10/10/2023,1764122
9/6/2023,1793726
4/3/2022,2160527
8/3/2018,2433653
6/8/2023,1937029
10/26/2020,1567501
12/24/2019,3681637
12/11/2020,2022657
3/23/2023,1718427
9/14/2018,2297638
9/17/2019,2247869
10/23/2019,2306806
10/28/2022,2295968
10/4/2023,1809943
1/20/2021,1593055
6/16/2021,1973553
8/9/2021,1932705
2/22/2024,1670581
2/26/2023,1841586
11/20/2018,2439296
10/11/2019,2715651
11/15/2022,1964041
1/28/2021,1730336
8/18/2021,1949091
5/29/2019,2402858
5/21/2022,2274637
12/31/2022,2463430
4/18/2023,1742190
9/2/2020,1565055
7/30/2020,1600892
10/31/2022,2047067
11/23/2020,1983910
5/30/2021,2023295
11/19/2021,2385304
1/6/2021,1650327
1/27/2022,1948488
3/30/2023,1749914
6/29/2020,1810042
4/12/2019,2694214
10/19/2019,2736196
8/22/2019,2409294
11/27/2023,1813680
3/14/2024,1714488
6/1/2020,2032816
3/11/2021,1723153
2/4/2019,1797090
9/22/2021,1802466
11/9/2018,2298593
2/4/2021,1819080
3/6/2023,1673109
12/3/2023,1889096
10/27/2021,2053659
4/22/2020,1490261
6/15/2021,1956331
4/13/2019,2811340
6/1/2019,2812890
10/2/2022,2163674
5/22/2020,2334730
8/6/2020,1597745
5/3/2022,1946519
1/25/2024,1702407
6/8/2019,2841649
5/16/2019,2477174
4/2/2019,2149486
4/17/2022,1883395
9/11/2023,1782522
1/19/2023,1823106
4/20/2019,3443102
3/5/2022,2212020
3/2/2023,1831756
6/9/2023,2119821
10/20/2020,1497832
5/18/2020,1801463
6/30/2020,1799301
4/25/2019,2308794
4/10/2021,1983122
8/31/2022,2030883
4/12/2021,1810751
5/13/2021,1923833
10/9/2019,2347529
9/13/2022,1959661
